Image name,D5,D10,D16,D25,D30,D50,D75,D84,D90,D95,Description
Loc_7_1.jpg,0.20401917341528175,0.22803834683056351,0.25578392779792103,0.2922293965472767,0.31019879546904078,0.39512196536429067,0.69386315905142371,0.99053380025859816,1.533287433601868,1.9984446682680046,Top (16.9 cm)
Loc_7_2.jpg,0.2045557375586616,0.22911147511732322,0.2551738743336302,0.28183245890368103,0.29664278366482033,0.41721024140070617,0.79703740513413557,1.2849398016731799,1.7721914219642318,2.8500039656151648,Top (13.2 cm)
,,,,,,,,,,,
,,,,,,,,,,,
,,,,,,,,,,,
,,,,,,,,,,,
,,,,,,,,,,,
,,,,,,,,,,,
,,,,,,,,,,,
,,,,,,,,,,,
,,,,,,,,,,,
,,,,,,,,,,,
,,,,,,,,,,,
,,,,,,,,,,,
,,,,,,,,,,,
,,,,,,,,,,,
,,,,,,,,,,,
,,,,,,,,,,,
,,,,,,,,,,,
,,,,,,,,,,,
,,,,,,,,,,,
,,,,,,,,,,,
,,,,,,,,,,,
,,,,,,,,,,,
,,,,,,,,,,,
,,,,,,,,,,,
,,,,,,,,,,,
,,,,,,,,,,,
,,,,,,,,,,,
,,,,,,,,,,,
,,,,,,,,,,,
,,,,,,,,,,,
,,,,,,,,,,,
,,,,,,,,,,,
,,,,,,,,,,,
,,,,,,,,,,,
,,,,,,,,,,,
,,,,,,,,,,,
