Image name,D5,D10,D16,D25,D30,D50,D75,D84,D90,D95,Description
Loc_7_1.jpg,0.20729870736285827,0.23459741472571652,0.28024943127416685,0.34183358202577785,0.38029922119332382,0.6152711478606514,1.1542222995799754,1.5877622591581591,1.8767888988769483,2.8478829872864355,Top (16.9 cm)
Loc_7_2.jpg,0.20868491975163603,0.23736983950327206,0.27717450113269676,0.35132308131814738,0.41393557879405318,0.67266020942762317,1.3697307314932223,1.7587024534643112,2.1056372711287383,3.3726523741947836,Top (13.2 cm)
,,,,,,,,,,,
,,,,,,,,,,,
,,,,,,,,,,,
,,,,,,,,,,,
,,,,,,,,,,,
,,,,,,,,,,,
,,,,,,,,,,,
,,,,,,,,,,,
,,,,,,,,,,,
,,,,,,,,,,,
,,,,,,,,,,,
,,,,,,,,,,,
,,,,,,,,,,,
,,,,,,,,,,,
,,,,,,,,,,,
,,,,,,,,,,,
,,,,,,,,,,,
,,,,,,,,,,,
,,,,,,,,,,,
,,,,,,,,,,,
,,,,,,,,,,,
,,,,,,,,,,,
,,,,,,,,,,,
,,,,,,,,,,,
,,,,,,,,,,,
,,,,,,,,,,,
,,,,,,,,,,,
,,,,,,,,,,,
,,,,,,,,,,,
,,,,,,,,,,,
,,,,,,,,,,,
,,,,,,,,,,,
,,,,,,,,,,,
,,,,,,,,,,,
,,,,,,,,,,,
,,,,,,,,,,,
