Image name,D5,D10,D16,D25,D30,D50,D75,D84,D90,D95,Description
Loc_6_1.jpg,0.18086838230596894,0.20513406304282236,0.23425287992704646,0.27152942507179956,0.29023352397877095,0.39776458789454094,0.77973463902027373,1.328675936138288,1.8591735830041025,3.253395072927951,Ripple (6.79 cm)
Loc_6_2.jpg,0.17563211242878662,0.20116885703159709,0.22896979270089399,0.26821313185328305,0.28862567845403747,0.36261507501534446,0.6471338523066944,0.94027493549268359,1.473693773573505,1.984155828829236,Ripple (17.3 cm)
Loc_6_3.jpg,0.44705637984023777,0.46911275968047556,0.49558041548876086,0.54910302971133718,0.57979965033382452,0.70258613282377391,1.4044002878301642,1.775433933421728,2.1391637643261667,3.3978816468852227,Ripple (42.9 cm)
Loc_6_4.jpg,0.18312649872209674,0.20094861357289112,0.22233515139384438,0.25419066081904468,0.27110734186074725,0.34501095467925058,0.60360451300958029,0.85706530593122621,1.3417938996023224,1.9230498769232405,Flat (10.1 cm)
Loc_6_5.jpg,0.18010188866989993,0.20573114270797702,0.23648624755366948,0.27141968089811941,0.28824950538623922,0.40424540623584471,0.88001223822313634,1.57468705177667,2.3799628717356907,3.8002468773299771,Flat (5.88 cm)
Loc_6_6.jpg,0.17886658404971151,0.20986441185976243,0.24636330115142513,0.2725715768951667,0.28600357212159128,0.39199361386818987,0.84870216110671071,1.5444226826612248,2.3282231586611002,3.7683798020770389,Flat + Shade (5.88 cm)
Loc_6_7.jpg,0.18679508431994568,0.21474066737128106,0.24827536703288347,0.27862813889376142,0.29509731511362719,0.39261796854369679,0.73586811149995224,1.1688351570998601,1.6841218057762584,2.6004702683963936,Scraped top (5.91 cm)
Loc_6_8.jpg,0.26305358477564617,0.27610716955129233,0.29177147128206771,0.3238280026963446,0.34420018006058634,0.47082872926045999,0.80034626996761837,1.1493878917241143,1.6094114898770555,1.9927644883378401,Scraped top (8.35 cm)
,,,,,,,,,,,
,,,,,,,,,,,
,,,,,,,,,,,
,,,,,,,,,,,
,,,,,,,,,,,
,,,,,,,,,,,
,,,,,,,,,,,
,,,,,,,,,,,
,,,,,,,,,,,
,,,,,,,,,,,
,,,,,,,,,,,
,,,,,,,,,,,
,,,,,,,,,,,
,,,,,,,,,,,
,,,,,,,,,,,
,,,,,,,,,,,
,,,,,,,,,,,
,,,,,,,,,,,
,,,,,,,,,,,
,,,,,,,,,,,
,,,,,,,,,,,
,,,,,,,,,,,
,,,,,,,,,,,
,,,,,,,,,,,
,,,,,,,,,,,
,,,,,,,,,,,
,,,,,,,,,,,
,,,,,,,,,,,
,,,,,,,,,,,
,,,,,,,,,,,
