Image name,8 mm,4 mm,2 mm ,1 mm,0.710 mm,0.500 mm,0.425 mm,0.355 mm,0.300 mm,0.250 mm,0.180 mm,0.125 mm,0.063 mm,Description
Loc_6_1.jpg,100.00000000000003,97.013869782538464,87.592038418391638,67.448566008375295,54.45004799225844,41.914144995590377,36.741009572590464,31.490530358592046,27.022762290102438,22.636986359714051,15.828289975582397,9.7974924141219173,1.9379131327192596,Ripple (6.79 cm)
Loc_6_4.jpg,100,98.093366404489927,91.540016762795389,75.676127945324836,63.118122803543663,49.919350988875536,44.080148908239138,37.993290043981972,32.693325664230002,27.382508943622941,18.929084351691554,11.386733857017171,2.5873325878865443,Flat (10.1 cm)
Loc_6_5.jpg,99.999999999999972,95.507279019448816,83.281744417982978,61.99102525166915,49.560645555350845,37.668328363450243,32.613223698636951,27.466002696283727,23.090570958743008,18.822030946490319,12.472538569641076,7.3305804917406316,1.3360814895603805,Flat (5.88 cm)
Loc_6_6.jpg,100,95.617361689159537,83.346115906938138,62.512258744001116,50.21811033166923,38.409912716795432,33.374639327825491,28.180466972203849,23.743878385854455,19.405958451997034,12.91596394047699,7.5954530838705221,1.3847754789174496,Flat + Shade (5.88 cm)
Loc_6_7.jpg,99.999999999999986,97.810380155766879,88.971066831748558,66.800519165492105,52.126061547921722,38.731701704248891,33.326757025998219,28.056151689844882,23.706933371059851,19.548001121624292,13.36594508492213,8.0543727427856808,1.7228872475050752,Scraped top (5.91 cm)
Loc_6_8.jpg,99.999999999999986,98.679764892984153,92.144110806641834,71.53575536762871,55.565790750533836,40.106462372616797,33.806669655413486,27.66410387940299,22.682761364891618,18.071769318745119,11.832000033671161,7.3522222238505188,2.9230859054554341,Scraped top (8.35 cm)
