Image name,8 mm,4 mm,2 mm ,1 mm,0.710 mm,0.500 mm,0.425 mm,0.355 mm,0.300 mm,0.250 mm,0.180 mm,0.125 mm,0.063 mm,Description
Loc_7_2.jpg,100,97.80742320146787,88.457057888369718,64.799160200984815,49.91881447219707,36.079186075160777,30.434676109017001,24.822952800065014,20.203539071553735,15.923992975820816,10.011154741140494,5.720258272593596,1.6283301678052982,Top (13.2 cm)
