Image name,8 mm,4 mm,2 mm ,1 mm,0.710 mm,0.500 mm,0.425 mm,0.355 mm,0.300 mm,0.250 mm,0.180 mm,0.125 mm,0.063 mm,Description
Loc_3_2.jpg,100.00000000000007,95.649439190123374,77.928580122948304,50.006887140543633,37.065662749955408,26.338034759238415,22.205362198892697,18.215819081332281,15.007862041516251,12.029201453772094,7.8092315014261713,4.5573604233168856,1.2504431788424923,Scraped top (10.7 cm)
Loc_3_5.jpg,99.999999999999943,97.741930121403328,88.683953338699538,68.239384065178555,54.927406725014613,41.941310283322693,36.437712991319003,30.797988965898249,26.001842849983266,21.309812758161687,14.20128159764025,8.2965372013631402,1.9501567504895332,Top (13.0 cm)
