Image name,0 mm,0.063 mm,0.125 mm ,0.180 mm,0.250 mm,0.300 mm,0.355 mm,0.425 mm,0.500 mm,0.710 mm,1 mm,2 mm,4 mm ,8 mm,Description
Loc_1_6.jpg,0,0,0,1.5777927635237161,1.4095729754842727,1.2526394955822451,2.1960476196675205,1.5929265876925716,1.9804949731625237,1.3214445618532848,0.58445116787234208,0.46455569723041656,0.32446153105845849,0,Scraped top (15.7 cm)
Loc_1_7.jpg,0,0,1.2648441812165185,1.5742676927015673,1.3603896268438591,1.7725225447716642,2.0290694247195704,1.4589456417156275,1.9112070259692835,1.3742323441735256,0.57595003124477318,0.46664706957321234,0.31729081761829681,0,Scraped top (11.3 cm)
Loc_2_5.jpg,0,0,0,1.3061875094306408,2.7861927562896165,2.7609445965004173,2.9383707338299252,1.3616613380445848,1.2599179184325737,0.41410287830474474,0.38400738569047227,0.62675181437181027,0.63636370332314773,0,Scraped top (14.2 cm)
Loc_2_6.jpg,0,0,0.15471511148282516,0.99451632994367789,3.2767619574327247,3.270317595483708,2.3166986358099835,1.6235784545459651,1.3232713432574432,0.41505607996214877,0.39529377446033137,0.64064019697377828,0.609546802808688,0,Scraped top (12.2 cm)
Loc_3_4.jpg,0,0,0,1.9703936722114817,4.0603628400815346,2.9856049942984209,1.1776897707110825,0.63034181296132374,0.4955734650777967,0.33162875759036053,0.39877515657436136,0.72997175416289806,1.5902958629904802,0,Scraped top (20.1 cm)
Loc_3_5.jpg,0,0,0.59015224898961072,2.2122073988435149,3.786235652435499,1.9397866685919065,1.5819700175955771,0.64604544596120106,0.57568682474723309,0.34973968228626462,0.44786760104205564,0.75820739663836445,1.4868847842340207,0,Scraped top (10.7 cm)
Loc_6_7.jpg,0,0,2.0757634396904359,4.456752168513944,5.1688615329478855,2.6501274616713046,2.4049450710428264,1.3118590916090394,0.66178984965854681,0.22982041475904744,0.15764590151774388,0.34594055143687624,0.48704177214951644,0,Scraped top (5.91 cm)
Loc_6_8.jpg,0,0,0,0,4.3795153534385047,2.834952088959616,2.5182525461507566,0.69160640336419621,0.5752247234263661,0.18524246841402156,0.1504482507964118,0.44427038675492114,0.80529339513007381,0,Scraped top (8.35 cm)
