Image name,0 mm,0.063 mm,0.125 mm ,0.180 mm,0.250 mm,0.300 mm,0.355 mm,0.425 mm,0.500 mm,0.710 mm,1 mm,2 mm,4 mm ,8 mm,Description
Loc_4_1.jpg,0,0,0,1.1515662114337459,14.936374119745523,21.284461798014419,26.647707279113177,32.76529546904257,39.314731959904513,53.356363508005394,65.894644671731797,88.822027640379389,97.189842974331,100,Top (8.17 cm)
Loc_4_2.jpg,0,0,0,1.5834754191064349,12.898561821362691,21.569521450381743,27.087232900737064,34.949617371497126,40.292525876385156,55.399329455960952,68.421170618447789,90.135359540684703,97.64497724049852,100,Top (7.74 cm)
Loc_4_3.jpg,0,0,0,1.5394580261898341,12.669570096646297,19.062674518227013,24.50677877509564,30.761235065623808,37.415645067838241,51.585282743447351,65.110399391408606,88.349339409585824,97.077579297359293,100,Top (8.09 cm)
Loc_4_4.jpg,0,0,0,1.1071495458004676,11.936104845032418,18.245173783575822,25.411715289959716,31.570372343993853,36.850098575754686,51.242072477095661,64.463806142908652,87.935183400816385,97.033376852514664,100,Top (8.33 cm)
Loc_4_5.jpg,0,0,0,1.5138735391216755,12.331447119888793,18.579470511300016,25.671861597610473,31.787254332878106,38.342153034769233,52.252325929182213,65.500293848938782,88.259938219167154,97.064204859484789,100,Top (7.92 cm)
Loc_4_6.jpg,0,0,0,0,9.9838103498563129,15.434761287964861,20.234802032333661,24.492261741279592,30.127077477607159,43.200327033540674,55.291355338669327,81.989515933030262,95.75567291831247,100,Top (13.4 cm)
Loc_4_7.jpg,0,0,0,0.68153261728912184,9.076251648037271,13.740470834540645,17.917478183329663,23.541190567166367,28.5287082513494,40.215706669383302,53.52007587702991,81.308115103112527,95.597014858082716,100,5 cm depth (12.1 cm)
Loc_4_8.jpg,0,0,0,1.0403197126896231,9.1903769116124892,13.605718490116331,19.471435203290469,24.689354127016358,29.302198460780374,42.562258059805771,55.231711792738452,82.182934035598606,95.828345980478275,100,5 cm depth (10.8 cm),
,,,,,,,,,,,,,,,,
,,,,,,,,,,,,,,,,
,,,,,,,,,,,,,,,,
,,,,,,,,,,,,,,,,
,,,,,,,,,,,,,,,,
,,,,,,,,,,,,,,,,
,,,,,,,,,,,,,,,,
,,,,,,,,,,,,,,,,
,,,,,,,,,,,,,,,,
,,,,,,,,,,,,,,,,
,,,,,,,,,,,,,,,,
,,,,,,,,,,,,,,,,
,,,,,,,,,,,,,,,,
,,,,,,,,,,,,,,,,
,,,,,,,,,,,,,,,,
,,,,,,,,,,,,,,,,
,,,,,,,,,,,,,,,,
,,,,,,,,,,,,,,,,
,,,,,,,,,,,,,,,,
,,,,,,,,,,,,,,,,
,,,,,,,,,,,,,,,,
,,,,,,,,,,,,,,,,
,,,,,,,,,,,,,,,,
,,,,,,,,,,,,,,,,
,,,,,,,,,,,,,,,,
,,,,,,,,,,,,,,,,
,,,,,,,,,,,,,,,,
,,,,,,,,,,,,,,,,
,,,,,,,,,,,,,,,,
,,,,,,,,,,,,,,,,
