Image name,0 mm,0.063 mm,0.125 mm ,0.180 mm,0.250 mm,0.300 mm,0.355 mm,0.425 mm,0.500 mm,0.710 mm,1 mm,2 mm,4 mm ,8 mm,Description
Loc_2_1.jpg,0,0,0,0,0,5.9504937574805439,16.738137043535943,21.533052765057107,29.826562019624177,46.835628014841056,62.953597022591893,88.807879851357825,97.515868551137686,100,Top (21.3 cm),
Loc_2_2.jpg,0,0,0,0,0,5.335349116116717,14.842730447337672,23.205006990955113,30.432357548721072,45.440504751214256,61.761988705900123,88.024236670106689,97.411048442457925,100,Top (18.7 cm),
Loc_2_3.jpg,0,0,0,0.81935346777736129,13.427737210467427,18.477018873683861,25.039790599382187,32.582188124576248,37.445212404556855,52.222066280446391,65.1919876911914,88.507226409692223,97.297329469007821,100,Top (10.0 cm),
Loc_2_4.jpg,0,0,0,0,0,0,6.655528859627438,18.800172055625026,24.136582756366749,41.802959997621841,59.889223413186215,88.117825347547225,97.481098560106801,100,Top (26.0 cm),
Loc_2_5.jpg,0,0,0,1.3392574836386046,12.289617303618655,21.225386218907502,28.958382049384539,35.568538871403533,43.921731441962692,59.445406433875164,73.632729741306719,93.698850944287614,98.563570228303107,100,Scraped top (14.2 cm),
Loc_2_6.jpg,0,0,0,1.2366175408967308,15.644660539216261,23.256352301333962,29.7966653314719,38.195747073126583,45.214037222472619,60.021167064637268,74.201451198104962,93.72982285911155,98.497668619581958,100,Scraped top (12.2 cm),
Loc_2_10.jpg,0,0,0,0,10.424275387624647,16.268646126006118,21.528562315337922,28.588710992152031,32.722833333687177,46.867490554352734,60.938491720008855,86.823063245706564,97.079295040924904,100,5 cm depth (13.1 cm),
Loc_2_11.jpg,0,0,0,1.0233611475800188,9.1722943959242116,15.875485572455261,19.876344671788303,27.050042512018351,31.830931600551608,45.698278262312954,59.843858248154916,86.056860621748584,96.930014612468497,100,5 cm depth (10.4 cm),
,,,,,,,,,,,,,,,,
,,,,,,,,,,,,,,,,
,,,,,,,,,,,,,,,,
,,,,,,,,,,,,,,,,
,,,,,,,,,,,,,,,,
,,,,,,,,,,,,,,,,
,,,,,,,,,,,,,,,,
,,,,,,,,,,,,,,,,
,,,,,,,,,,,,,,,,
,,,,,,,,,,,,,,,,
,,,,,,,,,,,,,,,,
,,,,,,,,,,,,,,,,
,,,,,,,,,,,,,,,,
,,,,,,,,,,,,,,,,
,,,,,,,,,,,,,,,,
,,,,,,,,,,,,,,,,
,,,,,,,,,,,,,,,,
,,,,,,,,,,,,,,,,
,,,,,,,,,,,,,,,,
,,,,,,,,,,,,,,,,
,,,,,,,,,,,,,,,,
,,,,,,,,,,,,,,,,
,,,,,,,,,,,,,,,,
,,,,,,,,,,,,,,,,
,,,,,,,,,,,,,,,,
,,,,,,,,,,,,,,,,
,,,,,,,,,,,,,,,,
,,,,,,,,,,,,,,,,
,,,,,,,,,,,,,,,,
,,,,,,,,,,,,,,,,
