Image name,0 mm,0.063 mm,0.125 mm ,0.180 mm,0.250 mm,0.300 mm,0.355 mm,0.425 mm,0.500 mm,0.710 mm,1 mm,2 mm,4 mm ,8 mm,Description
Loc_2_1.jpg,0,0,0,0,0,14.714997845086373,35.434941455505438,42.728114728121611,52.557884078637329,68.651739336916151,78.032073199689634,92.120240742150386,97.953977229110961,100,Top (21.3 cm)
Loc_2_2.jpg,0,0,0,0,0,13.304126860651508,31.717749607709791,44.54331192806228,53.181058348001407,67.500399680853135,77.078600933059235,91.508731009038016,97.849813404409986,100,Top (18.7 cm)
Loc_2_3.jpg,0,0,0,2.7756216610882802,17.472989533970065,29.642349924945862,41.927493787344019,53.108372290450923,58.725863326664751,72.352621849934081,79.709207242346267,92.091265275059371,97.830498511724443,100,Top (10.0 cm)
Loc_2_4.jpg,0,0,0,0,0,0,14.436057463124428,35.296540128414279,42.439172200111763,61.316093454234434,73.20278164856046,90.573405707522539,97.657114288533194,100,Top (26.0 cm)
Loc_2_5.jpg,0,0,0,4.1202777258842929,15.712907677599247,35.271766909526889,48.418388452017261,57.317603664352092,66.080786650769184,79.081840573489458,86.390081202150299,96.068175215189257,98.952811942743693,100,Scraped top (14.2 cm)
Loc_2_6.jpg,0,0,0,3.860306722320118,19.337156985154436,36.242219726434357,47.524293148195213,58.997788828672675,66.468547501014456,79.051394173253485,86.463153482917591,96.020040225571591,98.88870330289582,100,Scraped top (12.2 cm)
Loc_2_10.jpg,0,0,0,0,12.772486767230475,27.578064267238261,37.927608178341018,48.928548172122653,53.948143586428664,67.658616894506252,76.047678313386911,90.49686453071746,97.53564100838318,100,5 cm depth (13.1 cm)
Loc_2_11.jpg,0,0,0,3.5715868664547088,13.358015360688213,30.002221333121,37.718173481289142,48.674195856175551,54.363877140282405,67.538775522324784,75.804920448150114,90.147030680711168,97.461094858621195,100,5 cm depth (10.4 cm)
,,,,,,,,,,,,,,,
,,,,,,,,,,,,,,,
,,,,,,,,,,,,,,,
,,,,,,,,,,,,,,,
,,,,,,,,,,,,,,,
,,,,,,,,,,,,,,,
,,,,,,,,,,,,,,,
,,,,,,,,,,,,,,,
,,,,,,,,,,,,,,,
,,,,,,,,,,,,,,,
,,,,,,,,,,,,,,,
,,,,,,,,,,,,,,,
,,,,,,,,,,,,,,,
,,,,,,,,,,,,,,,
,,,,,,,,,,,,,,,
,,,,,,,,,,,,,,,
,,,,,,,,,,,,,,,
,,,,,,,,,,,,,,,
,,,,,,,,,,,,,,,
,,,,,,,,,,,,,,,
,,,,,,,,,,,,,,,
,,,,,,,,,,,,,,,
,,,,,,,,,,,,,,,
,,,,,,,,,,,,,,,
,,,,,,,,,,,,,,,
,,,,,,,,,,,,,,,
,,,,,,,,,,,,,,,
,,,,,,,,,,,,,,,
,,,,,,,,,,,,,,,
,,,,,,,,,,,,,,,
,,,,,,,,,,,,,,,
