Image name,D5,D10,D16,D25,D30,D50,D75,D84,D90,D95,Description
Loc_2_1.jpg,0.26698946901874537,0.28397893803749075,0.30341097060151795,0.32730099700830256,0.34057323390096073,0.4804836411662361,0.906261201277754,1.423612707779309,1.8495020210570234,2.9872777984697763,Top (21.3 cm)
Loc_2_2.jpg,0.2687911617664594,0.28758232353291879,0.30805235475392012,0.33493462592888923,0.3498692210260943,0.47237944198623666,0.93706602578972331,1.4796491113037529,1.8954457789989356,3.1011586897246737,Top (18.7 cm)
Loc_2_3.jpg,0.19059417475772078,0.21440796257518346,0.24298450795613874,0.28092607262913993,0.30160118223671639,0.40553944864251029,0.81436087159553494,1.3465330841058543,1.8311051951513808,3.0136318232749986,Top (10.0 cm)
Loc_2_4.jpg,0.31904952239920503,0.33809904479841008,0.36024800788830497,0.39044865137812546,0.40722678665024797,0.58411190662935919,1.1034630848804936,1.6215791853412944,1.9669899189818283,3.2497957085202103,Top (26.0 cm)
Loc_2_5.jpg,0.18531204389725126,0.21550363989037813,0.25073391888298913,0.27374139568232236,0.28652332723750751,0.36744073839290203,0.64406792052952011,0.90515863066887103,1.3729989389425441,1.889629588868416,Scraped top (14.2 cm)
Loc_2_6.jpg,0.18515470060656783,0.2077691211156607,0.23490642572657217,0.26674895592377085,0.28153742514308544,0.37010433127379039,0.64238471400432018,0.90362416260405121,1.3700835441835755,1.8932664733778859,Scraped top (12.2 cm)
Loc_2_10.jpg,0.20740265121260268,0.23480530242520536,0.26089965329879172,0.29129360449723452,0.31287075705423062,0.44100903667689545,0.96378299124161815,1.5503646756988276,1.9656129747901303,3.279522224798912,5 cm depth (13.1 cm)
Loc_2_11.jpg,0.19021710007967535,0.22598091322215447,0.25793664967763441,0.28497308510419178,0.29999332700783476,0.44247642896353256,0.97176108911008163,1.5713998441627171,1.9897483230621567,3.3270239913797308,5 cm depth (10.4 cm)
,,,,,,,,,,,
,,,,,,,,,,,
,,,,,,,,,,,
,,,,,,,,,,,
,,,,,,,,,,,
,,,,,,,,,,,
,,,,,,,,,,,
,,,,,,,,,,,
,,,,,,,,,,,
,,,,,,,,,,,
,,,,,,,,,,,
,,,,,,,,,,,
,,,,,,,,,,,
,,,,,,,,,,,
,,,,,,,,,,,
,,,,,,,,,,,
,,,,,,,,,,,
,,,,,,,,,,,
,,,,,,,,,,,
,,,,,,,,,,,
,,,,,,,,,,,
,,,,,,,,,,,
,,,,,,,,,,,
,,,,,,,,,,,
,,,,,,,,,,,
,,,,,,,,,,,
,,,,,,,,,,,
,,,,,,,,,,,
,,,,,,,,,,,
,,,,,,,,,,,
