Image name,0 mm,0.063 mm,0.125 mm ,0.180 mm,0.250 mm,0.300 mm,0.355 mm,0.425 mm,0.500 mm,0.710 mm,1 mm,2 mm,4 mm ,8 mm,Description
Loc_7_1.jpg,0,0,0.8337510363133126,1.802100068499433,3.0858365157403851,1.7145263865086766,1.9208999087938596,1.1589638862463219,0.70997650812187962,0.41419857011829064,0.80747205502717578,1.1250565537844748,0.31778150221417273,0,Top (16.9 cm)
Loc_7_2.jpg,0,0,1.4086029934324518,1.9554204424438117,2.3957019310834484,2.5889973852360355,2.8434707765814822,1.1291810340728903,0.7626305416315825,0.45944604742716788,0.74811108453670749,0.84797815724814729,0.21858763375694445,0,Top (13.2 cm)
