Image name,0 mm,0.063 mm,0.125 mm ,0.180 mm,0.250 mm,0.300 mm,0.355 mm,0.425 mm,0.500 mm,0.710 mm,1 mm,2 mm,4 mm ,8 mm,Description
Loc_4_1.jpg,0,0,0.23590859570484496,0.67186654471300988,2.1154777643975615,2.0974289271705282,2.2491534808174576,1.2173984218174438,1.0690860000215945,0.78187389705558175,0.89649891665335535,1.1093502608131651,1.0223809759784956,0,Top (8.17 cm)
Loc_4_2.jpg,0,0,0.17175585251106035,0.81943790917090376,1.5505094182624537,2.0410147116335353,1.7520046143274948,1.4939949309483416,0.99482759703454005,0.75368958974512956,0.94765625563846057,1.237522603615131,1.2213452019619153,0,Top (7.74 cm)
Loc_4_3.jpg,0,0,0.18111679557957561,0.85403977299742928,2.1559241748099156,2.120715420997676,2.257894618472962,1.2297618407474424,1.0873400110266407,0.74392233607285163,0.90778256724357376,1.0915609792883105,1.0090077710230081,0,Top (8.09 cm)
Loc_4_4.jpg,0,0,0.24960240494568559,0.87000058865321273,2.1652521633495017,1.5967160144898243,2.272666356795995,1.536199567840036,1.0610411451169592,0.75423848229370505,0.89081609098027559,1.0378820072461319,0.98515221804136943,0,Top (8.33 cm)
Loc_4_5.jpg,0,0,0.18414803838590516,0.87857308143127066,2.2056304589822653,1.6275947098572123,2.3088674130611269,1.2482302438444779,1.1074438185102835,0.75936306077389648,0.92675043527857737,1.0819609993239012,1.0042494823017152,0,Top (7.92 cm)
Loc_4_6.jpg,0,0,0.35287360618485725,0.98933513931473616,2.6274540572568035,2.4993439587630379,3.4467104998674039,1.5090824672786005,1.2246237744775248,0.8647040709173216,0.82106763981055209,0.71915761252996047,0.72192241379068067,0,Top (13.4 cm)
Loc_4_7.jpg,0,0,0.43080503475594423,1.1923734751480792,3.1117676884650316,2.9106127418172707,2.6443014711706589,1.7277740929960701,1.3882317305823482,0.79637050553089206,0.79943118897246623,0.70212869829240321,0.7052301395295224,0,5 cm depth (12.1 cm)
Loc_4_8.jpg,0,0,0.28085452901589086,1.2221898101491526,3.2711665372384009,2.0625734575424324,2.8360741734702302,1.8590173846478422,1.2175878895147023,0.83220900246534435,0.8202408031655648,0.73166066336605884,0.74071415782969763,0,5 cm depth (10.8 cm)
