Image name,0 mm,0.063 mm,0.125 mm ,0.180 mm,0.250 mm,0.300 mm,0.355 mm,0.425 mm,0.500 mm,0.710 mm,1 mm,2 mm,4 mm ,8 mm,Description
Loc_3_1.jpg,0,0,0,0,0,0,0,0,0.75433929583056936,0.37263071848885088,0.32875340813414439,0.32165161009642723,0.74143561794622659,0,Top (50.6 cm)
Loc_3_2.jpg,0,0,0,3.2862088253696906,5.2283828470995228,3.8120717864908458,1.9467120827647399,0.9965175130637437,0.68275430556355232,0.41116014321823574,0.39389090204037158,0.41622055316943646,0.81470017413440143,0,Top (13.0 cm)
Loc_3_4.jpg,0,0,0,1.9703936722114817,4.0603628400815346,2.9856049942984209,1.1776897707110825,0.63034181296132374,0.4955734650777967,0.33162875759036053,0.39877515657436136,0.72997175416289806,1.5902958629904802,0,Scraped top (20.1 cm)
Loc_3_5.jpg,0,0,0.59015224898961072,2.2122073988435149,3.786235652435499,1.9397866685919065,1.5819700175955771,0.64604544596120106,0.57568682474723309,0.34973968228626462,0.44786760104205564,0.75820739663836445,1.4868847842340207,0,Scraped top (10.7 cm)
