Image name,0 mm,0.063 mm,0.125 mm ,0.180 mm,0.250 mm,0.300 mm,0.355 mm,0.425 mm,0.500 mm,0.710 mm,1 mm,2 mm,4 mm ,8 mm,Description
Loc_2_1.jpg,0,0,0,0,4.7001066689593607,2.2232920802057405,4.5504568973340458,1.5406390335454856,1.29173657995832,0.40946428686400427,0.33480207692150865,0.39332645515049885,0.41336419479996089,0,Top (21.3 cm)
Loc_2_2.jpg,0,0,0,0,5.4214894043631858,2.6090531263594823,2.6985607230968678,1.8284405648058371,1.5140774154893262,0.41820328557631126,0.34088624608518797,0.37737544931550715,0.41020810971817218,0,Top (18.7 cm)
Loc_2_3.jpg,0,0,0.25047762162172749,1.2190726447600349,5.2986908111158471,3.4960147590720569,2.7673495697668788,2.5134499998897115,1.4223612213395662,0.48677297452274126,0.35515524270102777,0.37274729926027217,0.36345594761464689,0,Top (10.0 cm)
Loc_2_4.jpg,0,0,0,0,0,3.7578187687626112,1.8734690685399824,2.4968088105229009,1.2968872735797223,0.38051589022786864,0.3197617950408862,0.38145088154503787,0.42510044350200188,0,Top (26.0 cm)
Loc_2_5.jpg,0,0,0,1.3061875094306408,2.7861927562896165,2.7609445965004173,2.9383707338299252,1.3616613380445848,1.2599179184325737,0.41410287830474474,0.38400738569047227,0.62675181437181027,0.63636370332314773,0,Scraped top (14.2 cm)
Loc_2_6.jpg,0,0,0.15471511148282516,0.99451632994367789,3.2767619574327247,3.270317595483708,2.3166986358099835,1.6235784545459651,1.3232713432574432,0.41505607996214877,0.39529377446033137,0.64064019697377828,0.609546802808688,0,Scraped top (12.2 cm)
Loc_2_10.jpg,0,0,0,1.4990035711266598,4.6539311847066767,4.4344653999010442,3.0055166142526537,3.0057503241637362,1.5106330911240535,0.45614019403527134,0.32521955792469576,0.32477319966656154,0.34191388474753259,0,5 cm depth (13.1 cm)
Loc_2_11.jpg,0,0,0.20865321053660696,1.9624654223027114,4.1526979115836431,5.9665195541505538,3.0272210181167778,2.6600009321188622,1.5769295049556449,0.46436215016781346,0.32866624189321775,0.31352104860178037,0.33290655557352866,0,5 cm depth (10.4 cm)
