Image name,0 mm,0.063 mm,0.125 mm ,0.180 mm,0.250 mm,0.300 mm,0.355 mm,0.425 mm,0.500 mm,0.710 mm,1 mm,2 mm,4 mm ,8 mm,Description
Loc_3_1.jpg,0,0,0,0,0,0,0,0,0,0,19.741234846563458,65.152607051489596,92.176956927263163,100,Top (50.6 cm)
Loc_3_2.jpg,0,0,0,0,9.1951502724594576,14.267735211495221,18.767670760839337,24.771639763356745,30.056094370436341,42.112795463799813,54.472196717759836,80.654895601591889,95.081792707368891,100,Top (13.0 cm)
Loc_3_4.jpg,0,0,0,0,0,6.5912503554792181,12.389153534170163,22.404020996711395,30.834357961181141,47.596165138147114,63.059109741542031,89.156567891172841,97.457490100369569,100,Scraped top (20.1 cm)
Loc_3_5.jpg,0,0,0,1.6586672957888311,14.152210177689611,20.559089324986246,28.647642729582714,35.405350093222268,42.860896903395691,55.939582958694935,69.229460924647952,90.291391546972832,97.535182408511844,100,Scraped top (10.7 cm)
,,,,,,,,,,,,,,,
,,,,,,,,,,,,,,,
,,,,,,,,,,,,,,,
,,,,,,,,,,,,,,,
,,,,,,,,,,,,,,,
,,,,,,,,,,,,,,,
,,,,,,,,,,,,,,,
,,,,,,,,,,,,,,,
,,,,,,,,,,,,,,,
,,,,,,,,,,,,,,,
,,,,,,,,,,,,,,,
,,,,,,,,,,,,,,,
,,,,,,,,,,,,,,,
,,,,,,,,,,,,,,,
,,,,,,,,,,,,,,,
,,,,,,,,,,,,,,,
,,,,,,,,,,,,,,,
,,,,,,,,,,,,,,,
,,,,,,,,,,,,,,,
,,,,,,,,,,,,,,,
,,,,,,,,,,,,,,,
,,,,,,,,,,,,,,,
,,,,,,,,,,,,,,,
,,,,,,,,,,,,,,,
,,,,,,,,,,,,,,,
,,,,,,,,,,,,,,,
,,,,,,,,,,,,,,,
,,,,,,,,,,,,,,,
,,,,,,,,,,,,,,,
,,,,,,,,,,,,,,,
,,,,,,,,,,,,,,,
,,,,,,,,,,,,,,,
,,,,,,,,,,,,,,,
,,,,,,,,,,,,,,,
