Image name,0 mm,0.063 mm,0.125 mm ,0.180 mm,0.250 mm,0.300 mm,0.355 mm,0.425 mm,0.500 mm,0.710 mm,1 mm,2 mm,4 mm ,8 mm,Description
Loc_3_1.jpg,0,0,0,0,0,0,0,0,0,0,17.695995409752271,58.381274010547486,88.879242578434614,100,Top (50.6 cm)
Loc_3_2.jpg,0,0,0,0,9.3366445925798303,21.515403212865152,30.114346182418387,39.407157713984816,45.936235116139969,58.090050485079615,66.121918539185444,83.128049981720011,94.931447761110903,100,Top (13.0 cm)
Loc_3_4.jpg,0,0,0,0,0,14.911049404529436,25.350471073936873,39.956111358592359,49.770500769946523,65.691550070306789,75.159981528290515,91.131861451565044,97.531083191502105,100,Scraped top (20.1 cm)
Loc_3_5.jpg,0,0,0,4.7362498800632551,16.013446690172614,29.687704978429721,43.427909085487961,52.725953595641769,60.914648654949247,72.634761879237374,80.312329994906534,92.473429725958724,97.741888231282502,100,Scraped top (10.7 cm)
,,,,,,,,,,,,,,,
,,,,,,,,,,,,,,,
,,,,,,,,,,,,,,,
,,,,,,,,,,,,,,,
,,,,,,,,,,,,,,,
,,,,,,,,,,,,,,,
,,,,,,,,,,,,,,,
,,,,,,,,,,,,,,,
,,,,,,,,,,,,,,,
,,,,,,,,,,,,,,,
,,,,,,,,,,,,,,,
,,,,,,,,,,,,,,,
,,,,,,,,,,,,,,,
,,,,,,,,,,,,,,,
,,,,,,,,,,,,,,,
,,,,,,,,,,,,,,,
,,,,,,,,,,,,,,,
,,,,,,,,,,,,,,,
,,,,,,,,,,,,,,,
,,,,,,,,,,,,,,,
,,,,,,,,,,,,,,,
,,,,,,,,,,,,,,,
,,,,,,,,,,,,,,,
,,,,,,,,,,,,,,,
,,,,,,,,,,,,,,,
,,,,,,,,,,,,,,,
,,,,,,,,,,,,,,,
,,,,,,,,,,,,,,,
,,,,,,,,,,,,,,,
,,,,,,,,,,,,,,,
,,,,,,,,,,,,,,,
,,,,,,,,,,,,,,,
,,,,,,,,,,,,,,,
,,,,,,,,,,,,,,,
