Image name,0 mm,0.063 mm,0.125 mm ,0.180 mm,0.250 mm,0.300 mm,0.355 mm,0.425 mm,0.500 mm,0.710 mm,1 mm,2 mm,4 mm ,8 mm,Description
Loc_3_1.jpg,0,0,0,0,0,0,0,0,0,0,18.902071754031567,59.613257384818226,89.39919797121037,100,Top (50.6 cm)
Loc_3_2.jpg,0,0,0,0,11.67943596558942,25.000851504994472,34.179571769713903,43.877698250151042,50.529189351141241,62.644148884509733,70.282845479840134,85.434158558487439,95.698137073224757,100,Top (13.0 cm)
Loc_3_4.jpg,0,0,0,0,0,16.398700592658471,27.602553035828734,42.928071995069985,52.980809852655142,68.937209132159865,77.991086536184056,92.298286666636159,97.89315312513358,100,Scraped top (20.1 cm)
Loc_3_5.jpg,0,0,0,5.2568087390260416,18.881908180396053,33.3282740529134,47.493963871810202,56.866126447247794,64.923423475740776,76.207047808754965,83.259397707917884,93.724056420251529,98.148918444115751,100,Scraped top (10.7 cm)
,,,,,,,,,,,,,,,
,,,,,,,,,,,,,,,
,,,,,,,,,,,,,,,
,,,,,,,,,,,,,,,
,,,,,,,,,,,,,,,
,,,,,,,,,,,,,,,
,,,,,,,,,,,,,,,
,,,,,,,,,,,,,,,
,,,,,,,,,,,,,,,
,,,,,,,,,,,,,,,
,,,,,,,,,,,,,,,
,,,,,,,,,,,,,,,
,,,,,,,,,,,,,,,
,,,,,,,,,,,,,,,
,,,,,,,,,,,,,,,
,,,,,,,,,,,,,,,
,,,,,,,,,,,,,,,
,,,,,,,,,,,,,,,
,,,,,,,,,,,,,,,
,,,,,,,,,,,,,,,
,,,,,,,,,,,,,,,
,,,,,,,,,,,,,,,
,,,,,,,,,,,,,,,
,,,,,,,,,,,,,,,
,,,,,,,,,,,,,,,
,,,,,,,,,,,,,,,
,,,,,,,,,,,,,,,
,,,,,,,,,,,,,,,
,,,,,,,,,,,,,,,
,,,,,,,,,,,,,,,
,,,,,,,,,,,,,,,
,,,,,,,,,,,,,,,
,,,,,,,,,,,,,,,
,,,,,,,,,,,,,,,
,,,,,,,,,,,,,,,
