Image name,5 Percentile,10 Percentile,16 Percentile,25 Percentile,30 Percentile,50 Percentile,75 Percentile,84 Percentile,90 Percentile,95 Percentile
Loc_3_2.jpg,3.3975780719233857,5.333094796531359,7.683744069193044,11.391176132318764,13.577371718993215,23.65794199602444,43.40439920316932,57.058868387615405,72.31973568940006,90.93908433836657
Loc_3_4.jpg,2.2012518901574554,3.0486564673485645,4.017240884162605,5.519944654271484,6.417522648066168,10.662734786924695,19.115987624880493,25.05751385373178,32.987922068460996,47.43894239510021
Loc_3_5.jpg,2.7506292172339366,4.078310010405556,5.68814749426017,8.315805490831439,9.92424826748704,17.871241168633915,34.378186899325144,46.123218455574026,61.90156726263154,90.61710069355688
Loc_3_3.jpg,1.6897687212451242,2.190269003905387,2.5522163014142465,2.8889980097553187,3.076098958833692,3.431800157614984,3.872294304416626,4.029037585595871,4.133533106382035,4.220612707037171
Loc_3_1.jpg,1.9873933436277933,2.653368215958173,3.3911228699279787,4.4585087893572615,5.051359003427252,7.609563883752807,12.246949724657421,15.399843804299865,18.977523494094626,23.475606683187074
