Image name,5 Percentile,10 Percentile,16 Percentile,25 Percentile,30 Percentile,50 Percentile,75 Percentile,84 Percentile,90 Percentile,95 Percentile
Loc_5_5.jpg,1.524170019188702,2.0461022699952114,2.350303461099598,2.5730919198176276,2.655043917314244,2.982851907300711,3.4296743370711464,3.594506297392299,3.73040518032026,4.019048744006283
Loc_5_1.jpg,5.489758932640656,9.108462876280367,13.19734206216009,19.010164425167048,22.163395097724557,35.09793743772039,57.53069739161951,72.10163691647601,87.34193036458349,104.7729193284017
Loc_5_3.jpg,2.363455160816032,3.3392911712402715,4.436450564298451,6.049260321603426,6.956985138519999,10.91252789584358,18.249703276570603,23.150670520691648,28.29132119842581,34.08707315598474
Loc_5_2.jpg,2.8577160821828693,4.16192563309653,5.572466950831988,7.531968964114134,8.581147691871092,12.829311551249162,20.061497732076322,24.78439791884616,29.92573444175418,35.977840738593386
Loc_5_4.jpg,3.4898497793416747,5.5412416335343595,8.030332764945754,11.880535247265026,14.102017052313325,24.135825872116946,43.24508700298832,55.6700262293671,67.92972317529109,81.34850208727876
