Image name,5 Percentile,10 Percentile,16 Percentile,25 Percentile,30 Percentile,50 Percentile,75 Percentile,84 Percentile,90 Percentile,95 Percentile
Loc_4_4.jpg,3.3121399600243757,5.275303684112154,7.810483378576717,12.03837658817269,14.626866591309822,26.746681536104578,50.6640369535327,67.75127235337753,89.64766319752658,124.12648753461417
Loc_4_8.jpg,3.668723228149536,5.9177036693753,8.705630675112827,13.11172034012451,15.687433725486786,27.60642207289272,50.84744416504545,66.98901265136352,85.05439798022573,107.55264308166686
Loc_4_6.jpg,3.2509321025907654,5.0791687031062205,7.324198245973633,10.88904788846376,12.966891292835884,22.47121270338749,41.12352923899517,54.0864996518647,68.72286713676428,87.04160829740661
Loc_4_2.jpg,3.189797754442351,5.005856278457012,7.348793247169176,11.310156273239903,13.747995982872355,25.38882831851018,48.93361741197478,66.06427325494843,88.55972814881207,126.16903554108156
Loc_4_1.jpg,3.218602329914923,5.066614818779723,7.4615826414180315,11.512363480053375,14.01599526817384,25.86733222638369,49.68298693494121,66.45969156435163,87.886143159741,123.49903482349748
Loc_4_7.jpg,3.7224583531034887,5.9148816539623175,8.554839020186945,12.65406644876391,15.028044978025164,25.69082141433372,46.142871949156046,60.371227078022535,76.46419615516477,96.32314399173666
Loc_4_5.jpg,3.2578038483270038,5.166495881206969,7.658497412967129,11.876694250777087,14.460317859944329,26.69464725063041,51.41139302422348,69.3695255891159,93.00696495232836,129.40630648109558
Loc_4_3.jpg,3.2285795226503007,5.112313278368937,7.549121289868287,11.662766347206281,14.182088111152293,26.19390506741405,50.284259640555156,67.47403067172156,89.72505574540251,125.5160512988445
