Image name,5 Percentile,10 Percentile,16 Percentile,25 Percentile,30 Percentile,50 Percentile,75 Percentile,84 Percentile,90 Percentile,95 Percentile
Loc_4_1.jpg,3.2186023299149231,5.0666148187797226,7.4615826414180315,11.512363480053375,14.015995268173841,25.867332226383692,49.682986934941212,66.45969156435163,87.886143159740996,123.49903482349748
Loc_4_2.jpg,3.1897977544423508,5.0058562784570118,7.3487932471691764,11.310156273239903,13.747995982872355,25.388828318510178,48.93361741197478,66.064273254948432,88.55972814881207,126.16903554108156
Loc_4_3.jpg,3.2285795226503007,5.1123132783689371,7.5491212898682871,11.662766347206281,14.182088111152293,26.19390506741405,50.284259640555156,67.474030671721565,89.725055745402514,125.5160512988445
Loc_4_4.jpg,3.3121399600243757,5.2753036841121537,7.8104833785767172,12.038376588172691,14.626866591309822,26.746681536104578,50.664036953532701,67.75127235337753,89.647663197526583,124.12648753461417
Loc_4_5.jpg,3.2578038483270038,5.166495881206969,7.6584974129671286,11.876694250777087,14.460317859944329,26.69464725063041,51.411393024223479,69.369525589115895,93.00696495232836,129.40630648109558
Loc_4_6.jpg,3.2509321025907654,5.0791687031062205,7.3241982459736326,10.889047888463759,12.966891292835884,22.47121270338749,41.123529238995168,54.086499651864699,68.722867136764279,87.041608297406611
Loc_4_7.jpg,3.7224583531034887,5.9148816539623175,8.5548390201869449,12.65406644876391,15.028044978025164,25.690821414333719,46.142871949156046,60.371227078022535,76.464196155164771,96.323143991736657
Loc_4_8.jpg,3.6687232281495361,5.9177036693752996,8.7056306751128272,13.11172034012451,15.687433725486786,27.60642207289272,50.847444165045452,66.989012651363524,85.05439798022573,107.55264308166686
