Image name,5 Percentile,10 Percentile,16 Percentile,25 Percentile,30 Percentile,50 Percentile,75 Percentile,84 Percentile,90 Percentile,95 Percentile
Loc_6_6.jpg,3.860261677250633,6.4962060958570635,9.766100106368238,15.002788169065784,18.229873912063518,34.76549552417104,72.01719467335916,102.77841415544145,146.56622896759822,197.47717083862017
Loc_6_1.jpg,3.153308547552081,4.939772666848972,7.354112546769709,11.538902612688876,14.176851203519693,27.236496216330618,53.972004238368996,73.50195030245952,101.73074606908085,152.42339167994913
Loc_6_3.jpg,1.3256781151702126,2.0888472079811784,2.5659378366782253,3.2748390614463343,3.677217725954723,5.535847771506788,9.103525821090463,11.523197703422966,14.628654738346054,20.725392826945548
Loc_6_8.jpg,1.9944888174325253,2.6801837281930743,3.4628560728165056,4.6413911985268514,5.320051089785673,8.377938812591871,14.064727856411526,17.886118553359175,22.759788439955678,32.83149080153858
Loc_6_2.jpg,2.0816538981182764,2.8458749496118245,3.749657452633848,5.196285397596786,6.065801715096471,10.298524348617123,18.77202685558501,24.648760646983558,32.49444360671016,49.20250101435614
Loc_6_7.jpg,3.1717948202174835,4.977691109969721,7.324250506085522,11.214162031867746,13.55835218699118,24.258991829042515,44.13209728457365,58.06410510786449,76.70539159500436,112.49094023899369
Loc_6_5.jpg,3.917502552337093,6.663896262236133,10.061760910920679,15.459758494514912,18.78772975095082,35.583778831531895,73.2341231442527,103.72959862176134,147.00526472331632,199.89668268243545
Loc_6_4.jpg,2.419700556062076,3.4494504833017614,4.715987674043786,6.840162197933414,8.17956690772318,14.948894721695329,29.25399835336471,39.34221591366671,53.12169160229696,84.60564639762676
