Image name,5 Percentile,10 Percentile,16 Percentile,25 Percentile,30 Percentile,50 Percentile,75 Percentile,84 Percentile,90 Percentile,95 Percentile
Loc_1_13.jpg,3.3112925375959863,5.404769046800353,7.905967141614669,11.730722322465136,13.931346830114448,23.735693981579708,42.06272913455867,54.33404650880316,68.61257647293206,88.351073979075
