Image name,5 Percentile,10 Percentile,16 Percentile,25 Percentile,30 Percentile,50 Percentile,75 Percentile,84 Percentile,90 Percentile,95 Percentile
Loc_7_1.jpg,2.2701125080419753,3.1791789283677225,4.226070692352847,5.860251627184218,6.825569105411846,11.395620394484489,20.524405174844244,26.864767241860605,35.19927664086695,51.32399363881299
