Image name,8 mm,4 mm,2 mm ,1 mm,0.710 mm,0.500 mm,0.425 mm,0.355 mm,0.300 mm,0.250 mm,0.180 mm,0.125 mm,0.063 mm,Description
Loc_2_3.jpg,100.00000000000003,97.426493234381851,86.088400170038298,61.982766471609132,48.034532766097328,35.291460789164304,30.196102127785483,25.159383861442898,20.994546955407746,17.021182622858174,11.233944444281956,6.5326549858527541,1.4819209749282596,Top (10.0 cm)
Loc_2_5.jpg,99.999999999999972,98.578890749030919,91.783236541419626,72.849918406220965,58.098781792710966,43.27430194262103,37.063706027025503,30.842123450478642,25.609368668175986,20.620841921948635,13.426551596025549,7.8281023558967417,2.2478068172399208,Scraped top (14.2 cm)
Loc_2_6.jpg,100.00000000000011,98.551565819580432,91.875670805594396,73.622934916177741,59.22413370427455,44.602565504875464,38.437002992724928,32.175268800306263,26.911285457326894,21.875753745142163,14.448893837928928,8.4226848503974416,2.1670399931357229,Scraped top (12.2 cm)
Loc_2_11.jpg,99.999999999999943,96.987310853839034,83.301856571031635,55.830713646572626,41.542931788927298,29.325522665036619,24.674489372855927,20.23334730898258,16.685709663800505,13.416047566690043,8.7577118483410619,5.0933272503395743,1.2109333053902964,5 cm depth (10.4 cm)
